{
  "strategy": "\u6700\u9ad8 F1 \u5206\u6570",
  "threshold": 0.8233860132083214,
  "auc": 0.9154209154209153,
  "auc_pr": 0.8818867720572513,
  "recall": 0.8461538461538461,
  "precision": 1.0,
  "f1": 0.9166666666666666,
  "specificity": 1.0,
  "confusion_matrix": [
    [
      777,
      0
    ],
    [
      6,
      33
    ]
  ],
  "feature_count": 32,
  "val_samples": 816,
  "val_positives": 39,
  "val_negatives": 777,
  "predicted_positives": 33,
  "true_positives": 33,
  "false_positives": 0,
  "true_negatives": 777,
  "false_negatives": 6
}